{
  "properties": {
    "connectionReferences": {
      "shared_servicebus": {
        "runtimeSource": "invoker",
        "connection": {
          "connectionReferenceLogicalName": "epr_sharedservicebus_a1d54"
        },
        "api": {
          "name": "shared_servicebus"
        }
      }
    },
    "definition": {
      "$schema": "https://schema.management.azure.com/providers/Microsoft.Logic/schemas/2016-06-01/workflowdefinition.json#",
      "contentVersion": "1.0.0.0",
      "parameters": {
        "$connections": {
          "defaultValue": {},
          "type": "Object"
        },
        "$authentication": {
          "defaultValue": {},
          "type": "SecureObject"
        }
      },
      "triggers": {
        "manual": {
          "metadata": {
            "operationMetadataId": "73864f08-1216-4a3f-a738-71b5d2499b9b"
          },
          "type": "Request",
          "kind": "PowerApp",
          "inputs": {
            "schema": {
              "type": "object",
              "properties": {},
              "required": []
            }
          }
        }
      },
      "actions": {
        "Send_walk_button_press_event": {
          "runAfter": {},
          "metadata": {
            "operationMetadataId": "2e45feb6-90f6-4ee9-8ba0-b7171494536b"
          },
          "type": "OpenApiConnection",
          "inputs": {
            "host": {
              "connectionName": "shared_servicebus",
              "operationId": "SendMessage",
              "apiId": "/providers/Microsoft.PowerApps/apis/shared_servicebus"
            },
            "parameters": {
              "entityName": "raspi.local/trafficlightcontrol/v1",
              "message/ContentData": "{\n    \"eventType\": \"walk_button_press\"\n}",
              "message/ContentType": "application/json",
              "systemProperties": "None"
            },
            "authentication": {
              "type": "Raw",
              "value": "@json(decodeBase64(triggerOutputs().headers['X-MS-APIM-Tokens']))['$ConnectionKey']"
            }
          }
        },
        "Respond_to_app": {
          "runAfter": {
            "Send_walk_button_press_event": [
              "Succeeded"
            ]
          },
          "metadata": {
            "operationMetadataId": "0d932db9-801f-42fa-84ee-820e4818b87f"
          },
          "type": "Response",
          "kind": "PowerApp",
          "inputs": {
            "statusCode": 200,
            "body": {},
            "schema": {
              "type": "object",
              "properties": {}
            }
          }
        }
      }
    },
    "templateName": ""
  },
  "schemaVersion": "1.0.0.0"
}